ğŸ¥Ÿ,feel,gt,load,need,phone
ğŸ•µï¸,device,funny,post,suspect,undercover
â‰ï¸,decoy
ğŸ§‘,add,anybody,ass,atom,attitude,bash,definition,direction,fellow,friend,game,godfather,good,gt,gta,headband,imagine,instead,insult,intelligent,judaism,know,letter,lolrepper,look,meet,new,people,performer,person,point,pretend,selfless,shadering,somebody,term,tyranny,unavailable,verbe,want,way,weird,word,wotcher,wright
ğŸ¤”,ah,arabia,articuno,believe,career,catholic,check,comment,crack,crap,custom,drink,erase,family,fast,feel,foot,ggg,glance,gt,guess,guy,haha,happen,hour,idea,imagine,like,lock,man,manchester,mean,mention,mirror,parker,people,purse,right,send,shake,speak,sun,theory,thing,think,want,world,worth,yeah,year
ğŸ‡ºğŸ‡²,drop,folk,size,unbind,wonder
ğŸª¨,assesment,district,israel
ğŸ•‰ï¸,abandon,access,afghanistan,asshole,avidor,awesome,backstrom,bad,bye,canadian,chapter,chick,clamshell,cool,desktop,dj,doctor,doll,dollar,eat,ehhh,empathetic,eth,everybody,example,familiar,fight,foley,fuck,fucking,giant,greek,greeks,gtalso,haha,hahaha,hear,hey,hmm,hmmm,hope,hubbard,imply,isolation,know,let,like,link,lol,longtime,look,lot,man,mean,meh,member,mind,mmm,mother,nice,oh,ohh,ok,op,open,opinion,people,piss,pomfret,question,quit,rescue,response,rgadget,ridden,rock,rsjac,rsquaredcircle,rum,run,ruthlessly,sheer,shit,shut,silliness,sir,skate,solution,support,tab,teaser,tell,think,ton,tube,ugh,uh,uhh,umass,ummm,upvoted,version,watch,week,woman,word,world,worth,wow,ya,yea,year,yes,youngster
ğŸ”’,ab,burakumin,force,funny,lock,mode,submit
ã€½ï¸,bacon,change,disc,dumb,edit,french,grip,lol,partial,plate,season,way,yes
ğŸ¡,dan,eddie,jack,nidie,phil
â•,accept,accident,action,adult,agree,alas,alien,anaolgy,anderson,appropriate,approximately,assume,bad,bamba,bbqing,bias,black,blood,blow,bmi,bollock,bother,brag,brain,burzum,buyin,calculus,car,careful,cat,change,character,child,circlejerk,city,climb,come,comic,command,comment,communist,complete,conclusion,consider,correct,counter,crysis,davis,day,deal,dear,decide,dekang,depend,depth,derive,die,difference,disclaimer,distort,doctorallergist,dogma,dovo,download,effect,english,exact,example,excellent,excuse,expel,explain,explanation,face,fact,feel,flag,freedom,fruit,fuck,fun,future,gain,game,girl,god,good,great,gt,gti,guess,guy,happen,helpful,highschooler,hour,housing,hub,huh,imply,incentive,indev,inflation,influence,information,instal,iron,israel,jefferson,job,kb,kid,kind,kingston,knife,know,korean,labour,let,like,lion,living,lol,look,loophole,mac,make,man,marijuana,match,mean,miss,model,money,mr,muscular,naked,need,news,nightline,nonms,note,objective,oc,odst,oh,op,order,orifice,overrate,pay,pen,perfectly,pic,piece,play,point,position,possibility,price,proc,proof,proper,proposal,proud,quake,rally,rat,reach,reason,recent,red,remnant,result,rice,right,run,russ,ryze,sabo,safe,sarcastic,say,send,sense,seriously,shake,shhh,shit,shoot,shot,slope,small,solution,sorrrry,sound,source,spoken,standard,story,study,stupid,suck,suggest,sundance,support,sure,surround,tell,tend,texteditor,thank,thing,think,thyself,time,tired,tit,torah,trex,twilight,unattractive,unbreakable,understand,usd,use,wakka,walk,way,weight,winnipeg,winter,wonder,word,work,wrong,yeah,yes,yup
ğŸ—£ï¸,aggie,agree,ask,come,comedy,comment,commit,dude,edit,evolution,freak,game,guess,guillotine,ice,jackass,job,kick,know,kurt,like,locate,murder,post,roll,satire,say,sleep,smile,stare,talk,thank,tilt,time,understand,woman
ğŸ¤,assume,people,photo,post,time
ğŸš¢,bad,boat,bunch,inland,talk
ğŸ¥,banking,care,cause,cell,child,claim,come,friend,ill,left,marine,mean,peace,ratheism,special,steal,wish
ğŸ‡ºğŸ‡¸,attack,come,fly,grey,insurance,op,state,try,unfortunately,version
ğŸ§‘â€ğŸŒ¾,state
ğŸ‘‘,definition,dominant,government,longevity,mob,primary,subreddit
ğŸ–¤,break,color,long,whiter,woman
â”,doubt,nerd,texture
ğŸ—³ï¸,case,vote
ğŸ­,accomplish,area,candidate,cocainefree,create,end,estate,factory,fraction,let,maker,microlsoft,need,right,slum,sugar
ğŸ•,day,eat,food,global,highschool,need,play,spa,thanksgive,troll,wedding,work,year
âœï¸,aspect,contact,glue,hand,novel,sure
ğŸ›,ball,bbq,brain,chance,click,dog,god,holy,malevolent,oh,pave,place,queue,snu,thank,time,wonder,year
ğŸ‘Œ,advice,alright,awhile,doubt,freedom,mario,post,shitload,sort,speech,speed
â˜¸ï¸,know,rlibertarian,stalin
ğŸ“,know,lot,remember
â›ï¸,bet,buy,decision,discourage,dryland,education,family,favorite,favourite,fucking,idea,like,money,need,plastic,poleaxe,poor,reason,recommend,regular,remember,roast,sandwich,tell,thank,think,title,try,way,work,wrong
ğŸ‘¤,ask,awesome,cielo,kind,like
ğŸ‘‹,die,need,swear
ğŸ˜²,actually,application,ask,asshole,awe,bf,bore,cross,danzig,hear,idiot,integrate,irony,joke,land,liveleak,meaningless,norton,play,product,protoplasm,surprise,tell,thank,whoa,wonder,wow
ğŸ‘ª,act,asshole,bank,bet,bitter,breed,bunch,college,community,day,dislike,family,fly,group,hitler,huxley,kfc,kill,laziness,level,new,newsflash,people,relative,research,selective,shoot,sibling,type,want,work
ğŸ‘¨,ask,ass,asschao,bad,bailiff,complain,dear,downvote,dude,ejaculate,female,film,fuck,game,guy,huge,inspiration,jim,likely,main,man,mom,nipple,ocd,outfield,people,post,reference,shirt,srr,straight,teach,team,tell,think,usually,woman,world
ğŸ”†,mood,think
ğŸ§°,smart
ğŸ´ó §ó ¢ó ¥ó ®ó §ó ¿,appropriate,sense,size
ğŸ˜‹,know,nuba,overcome,pain,tempt
ğŸ¥,eat
â«,mudhole,open,spectrum
ğŸŒ ,desperate,friend,gear,juggernaut,kebab,recent,rub,shoot,shot,target
ğŸ˜ï¸,damaging,decline,kill,player,stay
âš°ï¸,bury,different,instant
ğŸ,affair,dark,final,game,hope,line,need,new,nosteam,piece,play,spend,think,way
ğŸ’¸,air,background,bad,ceiling,constraint,faal,guy,know,profit,sound,suspend,think,time,worth,yes
ğŸ§‘â€ğŸ«,bragging,community,game,oh,reason,stuff,touch,worry,yeah
ğŸ‘Š,food,know
âš¾,base,baseball,cody,cotten,fantasy,football,level,melvin,punch,user,yeah
ğŸ¤,protein,tell
ğŸ¦£,consider,deserve,fallout,fat,gt,gtplus,know,mass,vegan,xml,yeah
ğŸ¿,aluminum,believe,dirty,fastfood,separator
ğŸï¸,island,plastic
ğŸ’‚,carrier,galore,guard,ingest,knock,right,sshd
ğŸ·ï¸,list,night,os,packer,shoegaze,test
â„¹ï¸,accord,approach,b,bring,cannabis,cheap,chew,concept,estimate,example,fanbase,foment,good,hope,incredible,information,make,mention,packet,parent,provide,quality,resident,sell,shine,source,street,stuff,tell,terrible,ticket,time,today,truthful,witht
ğŸ§µ,place,response,steal,thread
ğŸ”—,ceaseanddesist,dumb,edit,exist,good,grooveshark,half,hope,link,prove,quality,reddit,sorcha,statement,subreddit,wtf
âœ¡ï¸,chris,frank,hawk,invade,john,listenable,man,potter,question,rule,talk,try,word
â²ï¸,ah,fashion,fast,gap,herb,like,look,make,maybe,missiles,process,steal,survive,tell,time,timing,troll,try,waste
ğŸª,regular
ğŸƒ,asshole,coolio,dat,form,hear,high,inclined,rip,virtue,write
ğŸŸï¸,attempt,need
â—,framework,shift
ğŸ”‘,app,key
ğŸ’¯,break,earth,emerald,fly,ignore,play,point,smoke,start,think,try,wrong
ğŸ‘©â€ğŸ‘§,dozen,grandmother,sister,uhm
ğŸ‘¶,constantly,lumberjack,mean
ğŸ«“,rdsalutei
â‡ï¸,link,say,yea,yeah
ğŸ“®,day,explain,godammit,marriage,post,question,realize,redditor,relevant,sorry,submission,subreddit,worth
ğŸ˜€,crew,drug,funny,hate,profile,pyro,remember,suggestion
ğŸ‘¥,scene,time
ğŸ§’,bet,bring,child,friend,jrpgs,kid,know,like,obligate,scene,sound,thing,til,wellparente
ğŸ¤‘,beg,cash,daddy,dude,easilysee,extra,greed,invest,man,money,pay,realize,support,town
ğŸ‘»,baptist,change,decent,great,hobo,lie,obscure,read,seller,shadow,story,thank,trust,want
ğŸ›•,legend
â­,boot,know,play,star,zelda
ğŸ§š,time
âŒš,attention,bad,cd,class,crap,dumb,eu,jersey,kill,look,luck,material,objective,oh,pay,push,read,rightclick,slide,stand,view,wait,want,watch,yeah
ğŸ‘—,wait
ğŸ¥«,chew,diet,food,size,skill,today
âš–ï¸,cahoot,diet,douche,fit,matter,obesity,produce,ratio,sample,spanish
â“,brain,cut,fix,gtthen,leg,modest,problem,question,return,scene,subway,valid,weed
ğŸ¶,africanamerican,badboy,boner,category,country,crusade,dc,dickwad,enjoy,fancy,far,flip,force,form,gabe,ghostface,hahahahaha,hardcore,hell,hobbes,house,inflammatory,ipad,keynesian,kick,lenovo,let,like,module,nice,old,patch,pointless,prefer,privacy,pump,robot,serve,stupid,support,thing,time,usage,use,video,want,wedding,wish,woman,yeah,yen,yes
ğŸ¥µ,acne,bee,faggot,fuck,fucking,girl,guard,know,lbp,nice,nudity,pepper,sit,suicide,super,ventura
ğŸ’Œ,agree,ah,fairfax,great,gtcriss,life,lightning,like,love,oh,skinny,sweet,systym,throw,time,upvote,yeah,year
ğŸ¦,calmly,cmon
ğŸª“,ass,forth,israel,jog,worsen
â˜¦ï¸,example,lord,terrorist
ğŸ‡©ğŸ‡ª,atheist,hitler,mose,tend
ğŸ†•,buy,figure,gtgtgtgt,need,police,populate,sure
ğŸŒ,country,especially,mentor
ğŸ®,star,work
ğŸ«,bannister,class,college,dehydrate,enter,europe,fan,fffffffuuuuuuuuuuuu,funding,help,holy,knee,middle,party,quality,school,sin,spot,tv,university,water,way,yeah
ğŸ«—,bike,fat,greenish,grill,hipster,inqcabsent,like,male,mann,perfume,think
ğŸš²,basket,bike,probably
ğŸƒ,bicycle,chkdsk,merkur,mf,run,singe,time
ğŸ‘§,cascadia,everyday,girl,kid,picture,thing,time,uncanny,work
ğŸª°,air,fly,sure,trick
ğŸ˜‚,damn,die,figure,hope,pursuit,recommend,result,ruin,welcome
ğŸŒƒ,darkness,drunk,night,watch,year
ğŸŒ,believe,butterbean,light,pretty,real,world
ğŸ’¡,late,light,world
ğŸ‡²ğŸ‡«,candle,read
â†˜ï¸,downvote,mad,reddit
ğŸ,hear,rescue
ğŸ‘‚,hear,hope,sheep,surprised
ğŸª‚,zip
ğŸ•£,cub,exact,level,school,yes
ğŸ¦’,gif
âœŒï¸,automatically,believe,chance,compare,cure,drive,look,opportunity,service,state,title,win,winner
ğŸ‘©,gt,jay,parent,woman
ğŸ‡¨ğŸ‡¦,ah,canadian,muslim,wake,woot
ğŸ§›,portray
â™Ÿï¸,bet,crysis,gti,paragon,poker
nan,boil,ed,illinois,interaction,minute,near,scotiabank,time,uh,win
ğŸ›¸,think,tomato,worcestershire
ğŸ‘…,pronounce,sarcasm
ğŸ‘¨â€ğŸ‘¦,communion,wistershister
ğŸ“°,act,amazon,blatant,blog,fact,good,news,okay,press,pressclean,sarcastic,word
ğŸ‘€,blind,confused,help,like,look,nina,page,stand
ğŸ“Ÿ,christ,glorious,page,think
ğŸ¥»,display,iama,program
ğŸ¡,lawn
ğŸ¢,ama,permit,sagan
ğŸ’“,anew,beat,feel,fun
ğŸ²,band,dead,dispose,drug,fuck,gtseptember,involve,joseco,kill,team,terrorist
ğŸªœ,step
ğŸ™,eat
ğŸ•,animal,dog,mystery,yes
âš’ï¸,ah,breed,expect,order
ğŸº,style
ğŸ™‚,cute,ton
â›ª,choir,christian,church,crit,free,jesus,landover,messiah,think
ğŸ§‘â€ğŸ”¬,drop,kind,science,try
ğŸˆ·ï¸,cost,earn
ğŸš§,abrupt,ban,creation,customization,enjoy,gtdoctor,hard,know,like,people,plan,signal,statement,team,thank,voice,wholesale,work
Â©ï¸,consent,consider,shameful,share,think
â€¼ï¸,add,correct,incomprehensible,incorrect,judge,people,reason
ğŸ¤´,baba,e,mariokart,okay,ring
ğŸ§œğŸ¼â€â™€ï¸,atheist,beautiful
â™,swahili
ğŸª´,pant
ğŸŒŠ,alan,baby,fat,ice,mane,mango,quick
ğŸ•³ï¸,aoe,cat,cut,gt,miss,spot,tampon
ğŸ§‘â€ğŸ”§,bell,operate,work,worth
ğŸ¦,account,corp,craftsmanship,market
â†—ï¸,consider,uh,upvoted
â˜®ï¸,peace,rape
ğŸŒ,boring
ğŸ¸,character,come,coop,game,harden,helpful,minecraft,netbook,play,request,tf,thursday,want
ğŸ’’,greek,like,love,phone,piggy,runway,wedding
ğŸŒ§ï¸,rain
ğŸŸ¡,end,yellow
ğŸŸ¥,accidental,anyways,car,chili,fond,hate,hero,month,post,question,reddit,robot,smart,speak,tube
ğŸ†’,cool,hot,lead,ooolllddd,ride,way
ğŸ“š,author,awesome,eat,ebook,fiveseven,haunt,hi,like,line,mediumpace,plausible,post,read,sarcasm,say,state,teacher,try,want
ğŸ»,color,colorblind
Â®ï¸,contract,default,hand,itty,license,news,perchance,scientist
ğŸ§‘â€âš–ï¸,lawyer,organization
â˜º,gtbecause,happy,pasta,pick,proud,try
ğŸª½,mosquito
ğŸ¢,sachs
ğŸ›ƒ,elect,gametype,pool,public,repost,stop
ğŸ˜§,imagine,people,plastic,yeah
âš ï¸,baby,bacteria,broke,cosplaye,effect,help,message,op,pain,screenshot,site,sorry,spelling,subreddit
ğŸ¦¸,book,downvote,emmy,monotone,san
ğŸ™‰,gonzo,gt,hell,volcano
ğŸ¦¯,antiwoman
ğŸ«”,stick
ğŸ™ƒ,stand
â›°ï¸,negative,valley
ğŸŒ¬ï¸,gusta
ğŸ‘„,eat,result,taste
ğŸ“–,begin,day,existentialism,harley,mouth,personally,smack
ğŸ«¸,flip,instant,refer,turn
ğŸŸ°,fail,featurerelate,kind,like,mean
ğŸ‘™,palm
ğŸ§Š,drink,iceberg,lord,suspect
â˜•,coke,cook,d,drink,ice,rumor,think
ğŸš¹,entire,room
ğŸ¤,bride,gt,pussy
â–,cheat,combo,forget,idea,love,man,nope,substitute,worthless,year
ğŸ‘¬,advocate,chamber,miss,sit
ğŸ’º,dog,guy,man,placement,position,view
ğŸº,beer,gt,like,need,sarcastic
ğŸ’§,draw,drop
ğŸ“¸,change,embe,flash,shoot
ğŸšï¸,content,field,infuriate,understand
ğŸ§¢,max
ğŸï¸,appreciate,daily,gtare,gtthe,ltsourgrape
ğŸ’£,commemorate,harmful,heart,man,pakistansponsore,support,terrorist
ğŸ’±,cdn,destruction,low,somebody
ğŸ“…,change,cold,date,fan,happen,influential,month,mou,old,pitchthrow,regress,superhot,talk,train,wrong,year
ğŸ»,boo,fresco,microbrewery,rest
ğŸ¤·ğŸ¼,mouse
ğŸ†™,til,upvote
â˜‘ï¸,appear,check,prevent,schedule,thought
âš™ï¸,cut,diamond,sigit
ğŸ’ ,ready
ğŸ¦¶,idea,stubs
ğŸ§”â€â™‚ï¸,freedom,toe
ğŸ¥¸,allege,bet,diablo,ethiopia,hide,prove,spoil,start
ğŸ¦„,fan
ğŸ¤¼,club,fight
ğŸ¦¸â€â™‚ï¸,bruce,thor
ğŸ’‘,attract,manager
ğŸ’¥,rate,west
ğŸ‡¦ğŸ‡º,canada
ğŸ›«,natasha
ğŸ,ipad,mac
ğŸ¬,fashion,origin,pay
ğŸ›ï¸,board,crawl,immediate,lot,think,wear
ğŸ™Œ,raise
ğŸ‘¨â€ğŸ¤,randy
ğŸ‡©ğŸ‡¬,johnson,stone
ğŸ“§,actual,c,guy,request,standard,ticket,trust,tweet,vex
ğŸ§—,seriously,want
ğŸ™†,dude,harry,modify,um
ğŸ”¡,ah
ğŸ¥£,add
ğŸ¥„,bowl
ğŸ§¼,piece,spoon
âŒ¨ï¸,bundle,click,place
ğŸ“¦,agree,bolo,game,include,original,pro,problem,series,strength,success,sure,textmate,try,update,want,wet
ğŸ,thirdparty
ğŸ•¹ï¸,austin,fun,look
ğŸ”¥,uninstalle
â™¾ï¸,attribute,contain,depth,eternal,existence,heartfelt,heck,king,know,like,livin,nsbm,question,spell,super,time
ğŸ•¤,cooker,great,past,refugee,retrospect
ğŸ“Œ,hedberg,hold,traction,yes
ğŸ§‘â€ğŸ’»,bit,exactly,gt,library,population,redditor,right,target
ğŸ¥,night,watch
ğŸ¶,la,think
ğŸ’Š,drug,sense,treat
ğŸ§ª,public,scout,teacher,time
â˜ƒï¸,ontario,winter
ğŸ”«,carleton,gun
ğŸ›œ,conversation,house,internet,kill,penis,speak,wireless
ğŸ’,reader,ring,try
ğŸ˜Œ,baby,complexity,explain,gain,glad,honest,let,negativity,treatment
ğŸ›¢ï¸,stockpile
ğŸ“,edit,maybe,single,think
ğŸ§¾,grant,safe,taxis,title,year
ğŸš«,delete,god,healthcare,ignorance,ignore,illegal,limit,record,refer,refuse,reject,selfish,tire,unfortunately,unjust,upload
ğŸ‘š,closet,glass,pretentious
ğŸ¤,bad,group,hand,idea,simple,sisko,sound,speech,voice
ğŸ›„,insurance
ğŸš—,alot,car,expensive,hood,oregon,rid,spoiler,try
â™,extra
ğŸ§‘â€ğŸ¨,art,artist,freak
ğŸµ,fan,original,people,say,wow
ğŸ…,al,pudzianowski,useless
â›”,trash
ğŸ¤±ğŸ¿,open
ğŸ¥º,advert,big,dumb,warrior
ğŸ¤,class
ğŸ¦,conversation,dialogue,drama,film,good,human,love,mil,movie,production,skeksi
ğŸ–ï¸,bomb,gt,november
ğŸ§Œ,actually,hack,ignore,portal,post,twitter,way
ğŸ—‘ï¸,ball,book,guy,waste
ğŸ“º,computer,fcc,hour,lick,manager,mg,otoyomegatari,reality,talent,tv
âœ–ï¸,fiber,mark,math
ğŸ§‰,twin,vulnerable,wtf
ğŸª¬,hear,lunasad,woah
ğŸ²,drunk,example,pot
ğŸ“›,like,username
ğŸ§ ,awesome,fact,mind
ğŸ¤¤,great
ğŸ˜´,drool
â›“ï¸â€ğŸ’¥,st,teach,true
ğŸ§‘â€ğŸ’¼,answer,cardboard,drive,employer,fact,government,language,planet,solution,task
â˜ï¸,company,post
ğŸ‚,birthday,icing,lot,post
ğŸ¦‡,chemically,point,ross,walk
ğŸ§‘â€ğŸ“,bodyweight,perfect,ridicule,turn
ğŸ˜,assume,bad,devildriver,disagree,dislike,flavor,gentoo,grandfather,gt,josh,like,mature,planet,play,preteen,regret,right,shame,shit,smooth,thing,vitriol,yeah,year
ğŸ›¡ï¸,barrier,let,protect,yes
ğŸ˜,drunk,handsome,hopefully
ğŸ‡¨ğŸ‡«,flag
ğŸŒ…,allright,body,mathematician,start
ğŸ‡«ğŸ‡·,future,guy,louis
ğŸ§”,stewart
ğŸª€,illegal,lb,ticket
ğŸ¦µ,body,human,kick,want,warm
ğŸ§¹,act
ğŸ“·,digital,image,oh,read,sculpture,talk,thank,video
ğŸ›¶,cool
ğŸ›©ï¸,course,forest
ğŸŒ³,river
ğŸ’,backpack,pack,travel,zombie
ğŸ˜¥,accord,great,hail,pity,slipknot
ğŸ†,season
ğŸ’—,grow
ğŸ‡¯ğŸ‡ª,oh,sunny,terry
ğŸ•â€ğŸ¦º,customer,norm,send,service,thankful
ğŸ†,bingo,deep,nobel,opportunity,story
ğŸ˜¡,assume,bashing,girl,guy,hate,rage,upset
ğŸ’½,bit,fail,hard,review,routine,sad,shit,time
ğŸ±,bit
ğŸª¹,lazy
ğŸ ,consider,home,jew,minute,place,reject,right,time,want,way
ğŸ§´,cheap,experience,god,kid,lot,need,people,yes,york
ğŸ“¼,youtube
ğŸ›ŒğŸ½,kewpie
ğŸ›,add,bug,derivative,fix,issue,like,station,xsl
ğŸš»,bathroom
ğŸ§‘â€ğŸ§‘â€ğŸ§’,form
ğŸº,calvin,edge,hunt,nearinfinitely
ğŸ“‹,house,strip,wait
ğŸ¥ª,brown,company,fan,hear
ğŸ‡³ğŸ‡´,live,mythology
â–¶ï¸,enter,site,thread,video
ğŸª›,follow,q
ğŸ§,screw
ğŸ¤¼â€â™€ï¸,cleavage
ğŸ˜«,disturbing,mean,spend
ğŸ§Ÿ,halloween,iraq,martyr,zombie
ğŸ¥·,enemy,entire,school,want
ğŸ¤“,comin,douche,gt
ğŸ‡®ğŸ‡©,hit
ğŸš,heals
ğŸ‡°ğŸ‡·,ddongjiim,permanent
ğŸ¨,outcast,sir
ğŸŒ½,seal
ğŸ§ˆ,coffin
ğŸ,syrup
ğŸ¦¾,force
ğŸ–•,guy,middle,protip
ğŸ™ï¸,city,local,meeting,nyc,plan,price,salt,scream,totally
ğŸ¦Š,facebook,fox,luck,real,ron
ğŸ‘£,distance
ğŸ’©,bullet,drop
ğŸ˜¨,broken,fear,hang,leftclick,ooh,scary
ğŸ¨,income,winner
ğŸ§©,ctrlshiftesc,floortile,piece,rental
ğŸ˜¢,mass,people
ğŸ¥¬,work
ğŸƒğŸ½â€â¡ï¸,agrarian
ğŸ¬,goddamn,know,line,serenade,sucker,sweet
ğŸ”ª,place,say,way,yeah
ğŸª’,shave
ğŸ§‘ğŸ¼â€ğŸ³,god
ğŸ›‘,stop,zionist
ğŸ‘¦,boy,boyfriend,brother,joy
ğŸª,goldbox,think
ğŸš¬,cocaine,oh,smoke,yeah
ğŸ¥¡,good,know,look,true,vape,year
âš¡,create,high,motherboard,yeah
ğŸ“,anecdotal,enjoy,note,press,roll,yorick
ğŸ˜°,car,depression
ğŸ˜Ÿ,blow,cause,thc
ğŸ¦·,chew,throat
ğŸ„,humorous,option
ğŸ„,bull,cow
ğŸ•‹,edgar
ğŸŸª,purple
â¹ï¸,correct,know
ğŸ“”,cover,nsa
ğŸ™Š,crime
ğŸ”‹,energy,internal,retina
ğŸ’–,annihilation,pure
ğŸ§“,badass,battle,grow,hate,old,say,wish
ğŸ§œğŸ¿,smell
ğŸŒ¿,cologne
â—,refute
ğŸ”¨,aluminium,gt,metal,right
ğŸª,bad,metal,narrate
ğŸ‹ï¸,bullshit,crust,mealday,weight
ğŸ–¨ï¸,iphone,place
ğŸ§»,internet,paper,print,watch
ğŸ©³,basis,clothe,god,hit,huge,short
âŒ,cross,multiple
ğŸ©¸,copulate,period,pregnant
ğŸ«„,freak,pound
ğŸ›»,trailer
ğŸï¸,park
ğŸ¢,air
ğŸ’,couple,hit,trey
ğŸ‡ªğŸ‡¸,culero,english
â˜£ï¸,aweosome,osu
ğŸ‡¨ğŸ‡¶,fuck,onion
ğŸ£,zone
ğŸ—ºï¸,continue
â°,map
â›“ï¸,charge,monopoly,principle,satyr,theory
ğŸ§€,bacon,fry,good,group,kraft
ğŸ«¨,head,live
â•,australian,comic,deserve,stork,thank
ğŸ½,bird,normal
ğŸ”,redford
ğŸ¥›,steak
ğŸ­,technique
ğŸ’»,bundle,gpu,hardware,hire
ğŸ–¥ï¸,blow,intel,skip
ğŸ™,complain,dwarfism,fantasy,generic,hilarious,sake
ğŸ˜©,chapter,lame,paul,stressed
ğŸ¤£,floor
ğŸªŸ,window
âš§ï¸,fuck,gay,mean,oblivion,play,queer
ğŸ§¥,purpose
ğŸ‘•,announce,coat,pull,stranger
ğŸ¦¥,yo
ğŸ›¼,gateway
ğŸ“±,android,cool,flash,kid,player,wonder
ğŸ’µ,know,stare
ğŸ½ï¸,notvalid
ğŸ“•,base,good,install,sound
ğŸ¥“,man,people,quit,regard
ğŸ«‚,wait
ğŸ’,passionate
ğŸ‘¸,fat,thing,voting
ğŸ†˜,public,set
ğŸ’­,situation
â˜ï¸,server
ğŸ”š,end,fly,hope,sue
ğŸ«¥,line,stuff
âš•ï¸,husband
ğŸ¥,beat,buy,member,skill,team
ğŸ‘ŒğŸ»,fuck
ğŸ›’,company,kind,purchase,repair,sale
ğŸ›£ï¸,topless,worship
ğŸ˜ª,youth
ğŸ¤–,hint,overlord
ğŸ›ï¸,capitalism,main
ğŸ¥°,alive
â¬…ï¸,center,supporter,turn,wonder
ğŸ”µ,textalign
ğŸ«§,haha
ğŸŸ,dadaist
ğŸï¸,gtperhaps
ğŸ›…,learn,leave
ğŸ“¹,arty,avgn,hide,video,yeah,year
ğŸ§·,assume,incense,safety,sr
ğŸª­,fan,fry,yeah
ğŸ§‘ğŸ¿â€âš–ï¸,begin
ğŸ§šâ€â™‚ï¸,post
ğŸ§‘â€ğŸ¤,jackson,service,song,type
ğŸš½,hammer,money,penis,toilet
ğŸ’¦,paperwet
ğŸš†,train
ğŸ«,eurorail
ğŸª«,realize
ğŸ–Šï¸,burnett
ğŸˆ,sick
ğŸ“,mess
ğŸ‘©â€ğŸ’¼,congress,redditor
ğŸ¤ŸğŸ¾,subtle
ğŸŒ©ï¸,buff
ğŸ•¦,correct,guess,involve
ğŸ–Œï¸,know
â›µ,drop
ğŸ—¯ï¸,job
â—€ï¸,substance
ğŸ˜ ,commend,disappointed
ğŸ¤š,downvote
ğŸ–¼ï¸,carrot,hell,know,lot,picture,stop,year
ğŸ§‘â€ğŸ³,finance,person,way
ğŸ•µğŸ¼,minute
ğŸ§,people
ğŸ£,cretin
â›,yeah
ğŸ‡®ğŸ‡³,dish
â™“,carboholic
ğŸ‡¸ğŸ‡½,forget,wtf
ğŸ›–,care,gt
â™‚ï¸,krupp
ğŸ¥¯,antivirus,bagger
ğŸŒ€,live,original
ğŸ‡¬ğŸ‡§,ac,british,opportunity
ğŸ‡¦ğŸ‡«,shit
ğŸš®,point
ğŸ’”,break,shit,turn,yeah
ğŸš ,lip
ğŸ‘¨â€ğŸ¦±,gloss
ğŸ•™,canada
ğŸªš,tend
ğŸ–²ï¸,anime
ğŸ‘®,uniform
ğŸ§…,cheese
ğŸ™†â€â™‚ï¸,transcript
â˜€ï¸,idea,miasma
ğŸ‡·ğŸ‡ª,childhood,come,invite,join,meetup,miss,purpose,serbia,straight,survivor
ğŸ™,fansub
ğŸƒ,sabresbill
ğŸ¤³,gthounde,hope
ğŸ‡®ğŸ‡±,appear,coast,democrats,mean,soldier,stop
â™£ï¸,bitty,choke,club
ğŸ¥,throw
ğŸ’°,bag,spend
ğŸ,alcohol,sugar
ğŸ¥ ,disappoint,good,lucky
ğŸ§†,fap
ğŸ‹ï¸â€â™€ï¸,lb,notice
ğŸ‡¨ğŸ‡º,communist,generosity
ğŸ‡²ğŸ‡©,marxist
ğŸ‘º,light
ğŸŒ‹,embark
â›½,magma,propane,watch
ğŸ˜,crack
ğŸ¤Ÿ,attract,compliment,encourage
ğŸ‡ªğŸ‡º,fly
ğŸ“’,cannabinoid
ğŸ•¡,childress
ğŸ‡¦ğŸ‡²,hit
ğŸ,know,spend
ğŸ•,book,hour
ğŸ«Ÿ,goat
ğŸš,try
ğŸ“‰,sure
ğŸ§™,cleric
ğŸ“»,listen
ğŸª,dirt
ğŸ§™ğŸ»,squidward
ğŸ™…ğŸ¼â€â™€ï¸,yep
ğŸœï¸,iran,people
ğŸ”®,google,think,year
ğŸ‡³ğŸ‡·,nah
ğŸ¿,movie,title
ğŸ¦«,state,tacoma
ğŸ™ˆ,evil
ğŸ¤¥,people
ğŸ¥©,cut,prowess
ğŸ¤§,good
ğŸ§,deadly,running
ğŸ‡¸ğŸ‡¹,new
ğŸ¥˜,consume
ğŸ©¹,create
ğŸˆ,come,static
ğŸ“Š,bar,panel
ğŸ‡¿ğŸ‡¦,africa
ğŸ‡,thumbnail
ğŸ‘,car
ğŸ¦±,hair
ğŸ§±,wall
ğŸ”¤,text
ğŸŒ¹,stupid
â˜¢ï¸,lightbulb
ğŸ‡¨ğŸ‡½,time
ğŸ‡´ğŸ‡²,rdv
ğŸ“,plastic
ğŸ‡ºğŸ‡³,strong
ğŸ,recall
ğŸ•,come,jerry
ğŸ™â€â™€ï¸,bitch
ğŸ˜‘,app
ğŸšª,bring,keyboard,look,somebody
ğŸ£,sushi
ğŸšš,feel,japan
ğŸ‡¯ğŸ‡µ,import,japan
â™ˆ,note
âœ”ï¸,verify
ğŸª™,value
ğŸ´,nimrod
ğŸ”©,area
ğŸ’,horror
ğŸ¬,man,store
ğŸ°,century,gtlike
ğŸ«¶,sound
ğŸ¥§,attack
ğŸ§ƒ,mom,sell
âš“,coca
ğŸ‘¾,bane,ufo
ğŸ§‘â€ğŸš€,memorial
ğŸ˜’,yes
ğŸ,hold
ğŸŒ­,damnit
ğŸ”¦,silverlight
ğŸ›,tire
ğŸ—œï¸,cool
â„ï¸,pressure
ğŸ¥¦,hansen
ğŸ¾,want
â¬,okay,slow
ğŸ“,package
ğŸ¤¢,downvote
ğŸ§¶,earth
ğŸ‡«ğŸ‡´,sure
ğŸ¥¶,stone
ğŸ±,public
ğŸ‘µ,grandma,look
ğŸª¶,correspondent,spell
ğŸ˜®â€ğŸ’¨,spell
ğŸ‡,wedding
ğŸ’¨,escape
â¸ï¸,september
ğŸ‘›,pocket
ğŸª,gt
ğŸ³,earwax,stuck
ğŸ©¶,dayta
ğŸ,blunt
ğŸ˜”,face,ship
ğŸ—„ï¸,energyelectricity
ğŸ”¢,number
ğŸ“¢,dinner
ğŸ’¤,spaghetti
ğŸ§‘â€ğŸ¦°,day,karma
ğŸ–ï¸,lebanon
ğŸ‡¸ğŸ‡¦,saudi
ğŸ‘½,dude
ğŸªµ,ago,write
ğŸ’¼,look
â±ï¸,miss
ğŸ’ª,paleolithic
ğŸ–,whore
ğŸ«,breathe
ğŸ“,lua
ğŸ…¾ï¸,hipsterstep
ğŸ“½ï¸,miner
ğŸ‘,orange
ğŸ¥•,snowman
ğŸ”,cover
ğŸ¦†,zapdo
ğŸ“˜,blue,life
ğŸ‘‚ğŸ»,girl
ğŸ†“,say
ğŸ‡µğŸ‡¼,ingrid
ğŸ¥ˆ,post
ğŸ¹,ham
ğŸ”Œ,emp
ğŸ”Š,canvas
ğŸ§‘â€ğŸ¦±,blush
ğŸ‡¦ğŸ‡±,newegg
ğŸ“‡,rate
ğŸ‡°ğŸ‡®,encompass
ğŸ”€,random
ğŸ©º,runner
ğŸŒ®,mate
ğŸ˜±,panic
ğŸ˜•,buy,thank
ğŸš“,video
ğŸ’¢,cst,label
ğŸ«™,java
ğŸ›—,escalator
ğŸ¥…,goal,showel
ğŸ•ï¸,goodol
ğŸ¥‘,avocado
ğŸ‰,pop
ğŸ˜¤,die
ğŸ›°ï¸,order
ğŸ—ï¸,server
ğŸŒ±,torus
ğŸ¥š,egg
ğŸ¤¾ğŸ½â€â™‚ï¸,good
ğŸ§‘â€ğŸ¼,feed
ğŸ˜,genuine
ğŸŒ¨ï¸,cause
ğŸ”¸,video
ğŸš‘,ambulance
ğŸš¶,medic
ğŸ”£,thank
ğŸ§¦,pant
â›±ï¸,fucking
ğŸ«–,freak
ğŸšï¸,post
âšª,explain
ğŸ•¥,generation,pm
ğŸ‡¹ğŸ‡«,tomorrow
ğŸ‡·ğŸ‡º,russia
ğŸš¤,slow
âš”ï¸,medieval
ğŸ‡·ğŸ‡¼,say
â™¨ï¸,summer
